"","to","sim"
"BI_COMPOSITE_SBS1_P","V10",0.99452337817467
"BI_COMPOSITE_SBS12_P","V8",0.982076455633366
"BI_COMPOSITE_SBS13_P","V14",0.996982444454176
"BI_COMPOSITE_SBS2_P","V6",0.998496360258623
"BI_COMPOSITE_SBS22_P","V13",0.999166112087449
"BI_COMPOSITE_SBS28_P","V7",0.990614744623019
"BI_COMPOSITE_SBS3_P","V11",0.953846741765153
"BI_COMPOSITE_SBS30_P","V16",0.959358368001371
"BI_COMPOSITE_SBS35_P","V4",0.993684030035924
"BI_COMPOSITE_SBS36_P","V15",0.999336552239425
"BI_COMPOSITE_SBS39_P","V12",0.990086386462163
"BI_COMPOSITE_SBS40_P","V9",0.972238591701132
"BI_COMPOSITE_SBS5_P","V5",0.92865892215653
"BI_COMPOSITE_SBS64_P","V2",0.624618236338899
"BI_COMPOSITE_SBS69_P","V14",0.855926646373425
"BI_COMPOSITE_SBS70_P","V1",0.934550863495106
"BI_COMPOSITE_SBS71_P","V10",0.635243698464078
"BI_COMPOSITE_SBS77_P","V9",0.500785378745584
"BI_COMPOSITE_SBS8_P","V2",0.96955124548788
