"","to","sim"
"V1","BI_COMPOSITE_SBS70_P",0.934550863495106
"V2","BI_COMPOSITE_SBS8_P",0.96955124548788
"V3","BI_COMPOSITE_SBS69_P",0.759778279552718
"V4","BI_COMPOSITE_SBS35_P",0.993684030035924
"V5","BI_COMPOSITE_SBS5_P",0.92865892215653
"V6","BI_COMPOSITE_SBS2_P",0.998496360258623
"V7","BI_COMPOSITE_SBS28_P",0.990614744623019
"V8","BI_COMPOSITE_SBS12_P",0.982076455633366
"V9","BI_COMPOSITE_SBS40_P",0.972238591701132
"V10","BI_COMPOSITE_SBS1_P",0.99452337817467
"V11","BI_COMPOSITE_SBS3_P",0.953846741765153
"V12","BI_COMPOSITE_SBS39_P",0.990086386462163
"V13","BI_COMPOSITE_SBS22_P",0.999166112087449
"V14","BI_COMPOSITE_SBS13_P",0.996982444454176
"V15","BI_COMPOSITE_SBS36_P",0.999336552239425
"V16","BI_COMPOSITE_SBS30_P",0.959358368001371
