"","to","sim"
"V1","BI_COMPOSITE_SBS39_P",0.99911913522401
"V2","BI_COMPOSITE_SBS39_P",0.00653906593010861
"V3","BI_COMPOSITE_SBS77_P",0.999860272020139
"V4","BI_COMPOSITE_SBS36_P",0.999708953979184
"V5","BI_COMPOSITE_SBS22_P",0.999986704376842
"V6","BI_COMPOSITE_SBS40_P",0.00248734988372389
"V7","BI_COMPOSITE_SBS40_P",0.999924375651731
"V8","BI_COMPOSITE_SBS18_P",0.997006733789398
"V9","BI_COMPOSITE_SBS2_P",0.998755924693156
"V10","BI_COMPOSITE_SBS8_P",0.996169628791763
"V11","BI_COMPOSITE_SBS1_P",0.999965488036862
"V12","BI_COMPOSITE_SBS5_P",0.999661056803542
"V13","BI_COMPOSITE_SBS22_P",0.0139958516066399
"V14","BI_COMPOSITE_SBS13_P",0.999691784604499
