"","to","sim"
"BI_COMPOSITE_SBS1_P","V11",0.999965488036862
"BI_COMPOSITE_SBS13_P","V14",0.999691784604499
"BI_COMPOSITE_SBS36_P","V4",0.999708953979184
"BI_COMPOSITE_SBS2_P","V9",0.998755924693156
"BI_COMPOSITE_SBS22_P","V5",0.999986704376842
"BI_COMPOSITE_SBS18_P","V8",0.997006733789398
"BI_COMPOSITE_SBS39_P","V1",0.99911913522401
"BI_COMPOSITE_SBS40_P","V7",0.999924375651731
"BI_COMPOSITE_SBS77_P","V3",0.999860272020139
"BI_COMPOSITE_SBS5_P","V12",0.999661056803542
"BI_COMPOSITE_SBS8_P","V10",0.996169628791763
