Ref,Var,DBS-E-1,DBS-E-2,DBS-E-3
AC,CA,0.000109162,0.001089195,0.003706501
AC,CG,0,0.000597555,0.001639057
AC,CT,0.002758686,0.012070549,0.004196533
AC,GA,0.000404834,0.000516038,0.000488969
AC,GG,0.000176923,0.002932032,0.001417526
AC,GT,0.000802801,0.003200463,0.01608687
AC,TA,0.000827694,0.001100379,0.000146582
AC,TG,0,0.002759898,0.00249291
AC,TT,0.0135271,0.001604906,0.000548589
AT,CA,0,0.001100015,0.00110248
AT,CC,0.0000751,0.001396998,0.003446994
AT,CG,0,0,0.009771664
AT,GA,0,0.00505174,0.001623278
AT,GC,0,0.004833211,0.001800335
AT,TA,0.000406554,0.001646562,0.001991724
CC,AA,0.000582355,0.30052325,0.02956503
CC,AG,0.00032267,0.030130245,0.002095034
CC,AT,0.016647479,0.133867845,0.016832222
CC,GA,0.000137297,0.015121754,0.001522004
CC,GG,0.000259256,0.007208161,0.000833707
CC,GT,0.010502477,0.000916887,0.000858447
CC,TA,0.010701557,0.017008636,0.002894032
CC,TG,0.003016735,0.011404185,0.007914609
CC,TT,0.88475005,0,0
CG,AT,0,0.002365168,0.000457809
CG,GC,0,0,0
CG,GT,0.000130334,0,0
CG,TA,0.001619583,0,0.422043673
CG,TC,0.0000506,0.000762955,0.000074
CG,TT,0.000910097,0.031004466,0.006033181
CT,AA,0.000783981,0.029358129,0.014984679
CT,AC,0.000924735,0.019517511,0.012345551
CT,AG,0.0000477,0.000382899,0.027552241
CT,GA,0.000557641,0.005825068,0.000964746
CT,GC,0,0.011228661,0.005701514
CT,GG,0,0.001847724,0.002424999
CT,TA,0.008746209,0.015797627,0.002782647
CT,TC,0.003778437,0.022973548,0.006077395
CT,TG,0.003894678,0.011605252,0.009826324
GC,AA,0.000920652,0.004515509,0.014722107
GC,AG,0.000344556,0.011889063,0.005310554
GC,AT,0,0.00772762,0.036504682
GC,CA,0.00003,0.001170163,0.003888081
GC,CG,0,0.002031494,0.001982686
GC,TA,0.0000776,0.003717873,0.000227724
TA,AT,0.0000169,0.008385081,0.000324541
TA,CG,0,0.001747312,0.000413366
TA,CT,0.000221379,0.005831117,0.002550769
TA,GC,0,0.000706086,0.001033188
TA,GG,0,0.002244666,0.002267103
TA,GT,0,0.007383468,0.002032894
TC,AA,0.001040712,0.003355877,0.00271982
TC,AG,0.000172514,0.011404386,0.001363836
TC,AT,0.007296147,0.023193476,0.007322782
TC,CA,0.0000805,0.008825468,0.01618601
TC,CG,0,0.001733993,0.00050595
TC,CT,0.003989721,0.014593217,0.057419449
TC,GA,0,0.006198188,0.042854529
TC,GG,0.000290765,0.002018001,0.000727875
TC,GT,0.008110222,0.004342082,0.025610068
TG,AA,0.001594432,0.016957024,0.000753346
TG,AC,0,0.008999662,0.001023
TG,AT,0.000926869,0.01787639,0.001669195
TG,CA,0.000400632,0.0016239,0.010083503
TG,CC,0.000271897,0.010969455,0.001502215
TG,CT,0.000358261,0.050926067,0.010764737
TG,GA,0.000187062,0.001657383,0.004054827
TG,GC,0,0,0
TG,GT,0.00187946,0.000589645,0.002402156
TT,AA,0.002194935,0.011689624,0.000841616
TT,AC,0.000450625,0.005217703,0.001115968
TT,AG,0.00010259,0.001615744,0.008588036
TT,CA,0.000460216,0.006846286,0.002719748
TT,CC,0.000365187,0.005972614,0.008949034
TT,CG,0,0.005695957,0.001578859
TT,GA,0.000460397,0.004163936,0.003257137
TT,GC,0.0000905,0.007235873,0.013867617
TT,GG,0.000212575,0.000199,0.076617177
