Mutation type,Trinucleotide,SBS-E-1,SBS-E-2,SBS-E-3,SBS-E-4,SBS-E-5,SBS-E-6,SBS-E-7,SBS-E-8,SBS-E-9,SBS-E-10,SBS-E-11,SBS-E-12,SBS-E-13,SBS-E-14,SBS-E-15,SBS-E-16,SBS-E-17
C>A,ACA,0.005283934,0.000374127,0.01873235,0.033160776,0.012566579,0.000283853,0.001747084,0.001202136,0.001605882,0.000500017,0.000893,0.0000253,0.000525526,0.000541588,0.024814586,0.001327522,0.017104437
C>A,ACC,0.015523907,0.001063008,0.017403276,0.027824258,0.006146409,0.002271278,0.002140623,0.000150259,0.001740971,0.001804629,0.000993927,0.009023427,0.000341275,0.00129371,0.011340854,0.003176334,0.00770872
C>A,ACG,0.0000792,0,0.007794048,0.022797952,0.00666743,0.0000881,0.000351805,0.000244016,0.000300145,0.0000221,0.000172694,0.000612327,0.00000412,0,0.005145572,0.00158163,0.00629713
C>A,ACT,0.00317121,0.000510903,0.011724624,0.021835171,0.007068891,0.008104179,0.00064665,0.00016359,0.004808045,0.00072259,0.000483707,0.03950001,0.000474825,0.002400596,0.001145703,0.000469451,0.011894813
C>A,CCA,0.001551188,0.001672129,0.008688064,0.011976791,0.006493795,0.000266424,0.001714611,0.000957396,0.0000784,0.000174229,0.001360963,0,0.000420057,0.007542293,0.000021,0.000418231,0.005544519
C>A,CCC,0.001084295,0.001385741,0.007947688,0.00802985,0.007102663,0.000473761,0.002139136,0.000764273,0.00000936,0.00064938,0.001275813,0.000420377,0.000297207,0.00697554,0.004193261,0.000532449,0.00603237
C>A,CCG,0.00316177,0.000780517,0.003722833,0.006439172,0.002233138,0.00000656,0.001343582,0.00113638,0.00000596,0,0.00051,0,0,0.00169284,0,0.000897702,0.004043908
C>A,CCT,0.000424022,0.003099215,0.011092002,0.00723563,0.0122512,0.000253307,0.003100248,0.000930082,0.000000281,0.000131545,0.001857162,0.0000341,0.000249119,0.011355955,0.002981643,0.002640166,0.010285521
C>A,GCA,0.01286982,0.005335759,0.015024725,0.011335808,0.021447576,0.022640898,0.003138149,0.000356099,0.0000284,0,0.014909355,0.017129104,0.022112777,0.003090665,0.004263363,0.006370421,0.020577231
C>A,GCC,0.002936594,0.001672244,0.011797624,0.002830745,0.022559282,0.020025831,0.012982915,0.022797468,0.002659529,0.003748552,0.111037773,0.020329112,0.012602896,0.00239547,0.00498308,0.001043968,0.01946749
C>A,GCG,0.239346085,0.005938744,0.002357669,0.003920813,0,0.124932992,0.000868943,0.0000101,0.012777254,0.014799733,0.007244108,0.052236932,0.138416514,0.008450076,0.000349126,0.00153306,0.005607322
C>A,GCT,0.004632066,0.000976285,0.011814476,0.004172692,0.014454365,0.01511515,0.006465706,0.002881773,0.002502893,0.002095508,0.061822878,0.015484688,0.008199681,0.006148697,0.002707032,0.001489096,0.010710877
C>A,TCA,0.001492171,0.00017098,0.007792088,0.007823963,0.007122885,0.000260159,0.002502531,0.001667048,0.000527972,0.0005291,0.000562,0.000186088,0.00032638,0,0.031932516,0.005406422,0.008204163
C>A,TCC,0.000492912,0.0000987,0.006439035,0.003456202,0.006609562,0.001400136,0.001922977,0.001071043,0.0000588,0.00054041,0.000541988,0.001409172,0.000352328,0.00107994,0.015694632,0.007026779,0.010042004
C>A,TCG,0.005797349,0.001105279,0.009554826,0.008898327,0.0027764,0.0000329,0.001985428,0.001566457,0.0000262,0.0000301,0.00071,0,0,0.000366464,0.041550807,0.004628325,0.002651617
C>A,TCT,0.001497066,0.000393752,0.007015985,0.003454127,0.007797176,0.003237467,0.004379023,0.005289743,0.002991858,0.000924871,0.00168,0.005515351,0.001671667,0.010130607,0.017479851,0.011902023,0.009826324
C>G,ACA,0.001617144,0.001090205,0.034186822,0.011728629,0.027018437,0.003480107,0.002341248,0.001975949,0.001310207,0.006358984,0.001765294,0.007862515,0.001046704,0.002714173,0.026144334,0.041785818,0.027819294
C>G,ACC,0.00213988,0.00084366,0.012163364,0.000773628,0.01337991,0.00419024,0.001233923,0.000620887,0.000668308,0.003073228,0.000494793,0.010069576,0.002116896,0.010906014,0.003351711,0.034724292,0.017893628
C>G,ACG,0,0.000867313,0.023906953,0.008664536,0.022793085,0.007081238,0.002446591,0.001390368,0.000641258,0.00122546,0.001139119,0.015551034,0.00036484,0.009090019,0.006002793,0.078259001,0.01778353
C>G,ACT,0.003634217,0.002030496,0.024874456,0.004694916,0.022015256,0.000879299,0.004184787,0.003709233,0.00082978,0.001698177,0.00125,0.002210693,0.00048824,0.005782481,0.00407061,0.021560732,0.028037706
C>G,CCA,0.000229329,0.0000433,0.003847599,0.001277765,0.003340259,0.0000182,0.000806258,0.000570113,0.00165625,0.000221385,0.000556736,0.00000533,0.0000394,0.003412114,0.001059534,0.001602341,0.003596858
C>G,CCC,0.000325094,0.000185906,0.003572003,0.000584438,0.004140947,0.000435862,0.000255808,0.001132398,0.00245763,0.0000957,0.000339453,0.003271087,0.000063,0.009953148,0.005783316,0.0039032,0.004447034
C>G,CCG,0.004446461,0.000152294,0.004621146,0.002788475,0.003468216,0.0000702,0.001292313,0.003705103,0.000810819,0.0000835,0.00104,0.000408056,0.0000105,0.006098952,0.006052108,0.003114906,0.002425074
C>G,CCT,0.000890622,0.0000938,0.004612553,0.000322,0.003972082,0.000670362,0.000424308,0.0000864,0.012230461,0.0000639,0,0.006620863,0.000317952,0.026985813,0.009638649,0.000692641,0.003570515
C>G,GCA,0.000704913,0.000967435,0.021574266,0.057922166,0.016251526,0.004828085,0.001543944,0.004229702,0.001868295,0.002070673,0.000897946,0.016000442,0.000414851,0.003367461,0.005631198,0.005353623,0.017547981
C>G,GCC,0.001684902,0.000346417,0.021772902,0.061839944,0.010519394,0.011871249,0.001602966,0.000214971,0.000338037,0.00066349,0.000791891,0.023791033,0.000358896,0.000837343,0.001079036,0.0128903,0.008371082
C>G,GCG,0.006465141,0.001354159,0.012758697,0.043007961,0.004404916,0.003523516,0.000954422,0.000317618,0.000492497,0.000575706,0.000292,0.005068977,0.001688494,0.001448211,0.000191644,0.005855423,0.005400399
C>G,GCT,0.00050867,0.0000115,0.017611971,0.039965513,0.01440992,0.062306234,0.001778331,0.000523329,0.010316405,0.000975222,0.000748187,0.238207482,0.0059126,0,0.004481979,0.016336144,0.014058717
C>G,TCA,0.001033597,0.005094245,0.008772511,0.011627756,0.009402493,0.0000118,0.002135296,0.000826144,0,0.000188781,0.000962,0.0000652,0,0.001921614,0.00135669,0.000210673,0.005586358
C>G,TCC,0.001470174,0.000889348,0.010370853,0.012580396,0.010118626,0.0000561,0.002932431,0.000491669,0.00000083,0.0000039,0.001984128,0,0.0000243,0.004763328,0.004154203,0,0.006587099
C>G,TCG,0.006373903,0.001804811,0.007035171,0.010679336,0.002420807,0.000059,0.00210149,0.002695122,0.00000215,0.0000753,0.000820938,0.0000875,0,0.001519997,0.00000546,0.0000256,0.003010002
C>G,TCT,0.000608842,0.006232999,0.012646028,0.012645377,0.011871594,0.00000397,0.004706923,0.000750388,0.0000127,0.0000257,0.002202985,0.000109525,0,0.009547158,0.001983302,0.0000171,0.014727738
C>T,ACA,0.006214521,0.008979052,0.019703785,0.020225201,0.025548648,0.001573951,0.04999493,0.082587488,0.000384006,0.003502662,0.034221885,0.000579149,0.000264384,0.007579085,0.007518363,0.002146417,0.009488219
C>T,ACC,0.006091044,0,0.017610886,0.006168295,0.027240252,0.008480194,0.048457251,0.17158105,0,0.003973587,0.153341666,0.002385681,0.005160993,0.001310673,0.015865107,0.002568375,0.016130218
C>T,ACG,0.198337407,0.0099856,0.005894267,0.010746033,0,0.098281099,0.018537405,0.037856849,0.002021213,0.014275324,0.014920839,0.032960283,0.076612398,0.010742967,0.010027295,0.016334938,0.001903859
C>T,ACT,0.002506365,0.000881059,0.023941287,0.018701875,0.022201928,0.006755775,0.03959462,0.102865546,0.000601165,0.003462692,0.095158238,0.003787568,0.004219901,0.00834673,0.01299747,0.004634645,0.009515116
C>T,CCA,0.001612999,0.000096,0.006767703,0.008475047,0.003224844,0.0000198,0.000685309,0.000536801,0.000011,0.0000329,0.000103367,0.00016649,0,0.000725832,0.056889656,0.001333374,0.003161998
C>T,CCC,0.002854628,0.000240964,0.012084567,0.012385244,0.003953755,0.001636325,0.001339901,0.000835183,0.00000329,0.000322041,0.000703623,0.005074376,0.000451901,0.008070996,0.052990635,0.005143953,0.003358157
C>T,CCG,0.001407465,0,0.019959839,0.028663498,0.010687414,0.00010776,0.001730771,0.000430452,0.00000742,0.000057,0.000410814,0.00047187,0.000127267,0.004922757,0.167058981,0.005005929,0.010883342
C>T,CCT,0.000791804,0.00026985,0.011100769,0.012279233,0.006547678,0.000392054,0.002998404,0.001065011,0.000221074,0.000124918,0.001468018,0.002027861,0.000378314,0.02301033,0.061967469,0.002249052,0.006123479
C>T,GCA,0.0000345,0.0000236,0.010900192,0.003810942,0.010520458,0.002417978,0.002116044,0.000792054,0.000261803,0.000538032,0.001294043,0.001763754,0.001217155,0.007154086,0,0.033035141,0.00982746
C>T,GCC,0.002547004,0,0.013059737,0.002984335,0.012216587,0.005190979,0.001043224,0.002063094,0.000470143,0.001037955,0.001114562,0.012963321,0.00212756,0.042338145,0.001234208,0.037789416,0.009646831
C>T,GCG,0.001932004,0.0000217,0.017295527,0.005955517,0.016536885,0.010784372,0.001951295,0.000522915,0.000397235,0.0000531,0.000308,0.013609553,0.003505045,0.020719881,0.0099288,0.116955852,0.016843116
C>T,GCT,0.000755543,0.0000239,0.013030262,0.003901666,0.014392133,0.001349153,0.003951435,0.005449275,0.0000154,0.000671551,0.001865166,0.001907521,0.000366698,0.082817979,0.003101359,0.036702272,0.013836682
C>T,TCA,0.000329259,0.000319369,0.002515547,0.00116,0.002429851,0.0000777,0.001017278,0.000433941,0.000845806,0.001247518,0.000358,0.0000706,0.0000794,0.003510434,0.000509213,0.001552711,0.003500065
C>T,TCC,0.001618582,0.00000735,0.005988978,0.001207255,0.00450333,0.000710046,0.001344425,0.000549225,0.000681536,0.000592114,0.0002,0.002382039,0,0.02514567,0.001452702,0.01276925,0.004634491
C>T,TCG,0.002393055,0,0.007919852,0.005352048,0.005788631,0.001047501,0.001695878,0.002487987,0.002071927,0.000111313,0.000812201,0.00060962,0.001048689,0.022107098,0.004490952,0.012585068,0.00635812
C>T,TCT,0.003709791,0.000062,0.001876575,0.000111,0.007568113,0.000780099,0.00035414,0,0.011605127,0.001444765,0,0.002682806,0.001422324,0.229952572,0,0.000170932,0.0086173
T>A,ATA,0.003209482,0.000267518,0.014461195,0.033634097,0.011484728,0.000840759,0.001097999,0.000459414,0.000616829,0.001714651,0.000911181,0.003652813,0.0000737,0.009813749,0.004569961,0.002677981,0.018794626
T>A,ATC,0.003904757,0.0000947,0.018014587,0.03519416,0.009012939,0.006076348,0.001666258,0.0000379,0.002157601,0.001384089,0.000800822,0.019829531,0.00140327,0.004900365,0.00924403,0.003996927,0.007807561
T>A,ATG,0.003369289,0.00055101,0.01048421,0.029894833,0.004584045,0.001740545,0.000291676,9.61E-08,0.000110346,0.00000115,0.000135196,0.001613351,0.001525794,0.000396617,0,0.001033726,0.006696659
T>A,ATT,0.004263965,0.00016868,0.012227115,0.019521649,0.008800363,0.026233713,0.000466766,0.00000279,0.00675141,0.003846026,0.000761,0.112424943,0.009311624,0.005511164,0.00317301,0,0.011560966
T>A,CTA,0.000865529,0.001237735,0.005866511,0.009434867,0.005908329,0.000291251,0.001907601,0.0000702,0.0000388,0.000487332,0.001204082,0.000308239,0.000420505,0.005713235,0.001309315,0.000453036,0.006760616
T>A,CTC,0.000762899,0.001007393,0.008550731,0.010845677,0.009430155,0.001651575,0.003206258,0.000513258,0.0000569,0.000826584,0.00169,0.000277001,0.00146812,0.006853222,0.000284438,0.002999782,0.007056309
T>A,CTG,0.006113113,0.000926072,0.00346094,0.0091115,0.000714724,0.000318198,0.001386997,0.000496617,0,0.0000104,0.000304,0,0.000114108,0.00027657,0.000725373,0.001363932,0.002454042
T>A,CTT,0.000536929,0.003924093,0.00920433,0.007067604,0.010237902,0.000457793,0.004530198,0.0000866,0.00039042,0.0000291,0.002655093,0.000322096,0.000573434,0.021737714,0.001570841,0.001380434,0.011078638
T>A,GTA,0.007381881,0.007738063,0.019421311,0.007869725,0.026238431,0.048606333,0.00305645,0.000119752,0.000258221,0.005917302,0.021397074,0.032141175,0.055726393,0.004517684,0.005688125,0.002846438,0.016635381
T>A,GTC,0.017400083,0.00000887,0.017303434,0.001557219,0.021397622,0.081719568,0.016676298,0.021921273,0.013320404,0.033101718,0.098283088,0.027709082,0.10165677,0.000816485,0.001798484,0.012413272,0.015847433
T>A,GTG,0.225911802,0.004634086,0.002820994,0.00022921,0,0.220566727,0.0000745,0.000224251,0.027654382,0.102373489,0.002026644,0.000531177,0.387443773,0.009769831,0.00139005,0.020335829,0.004307423
T>A,GTT,0.008378195,0.00125273,0.018330213,0.001979483,0.022745793,0.048692977,0.016498503,0.006115117,0.017041783,0.036484192,0.066756372,0.024557777,0.050319567,0.005859954,0.000773053,0.006562832,0.010344324
T>A,TTA,0.001180265,0,0.005910375,0.008157397,0.004402019,0.000116274,0.000984142,0.000661098,0.0000999,0.0000767,0.0000685,0.0000969,0.000183181,0.000274572,0.038821827,0.004329256,0.005923049
T>A,TTC,0.000777382,0,0.005635692,0.004554884,0.005477786,0.002475297,0.001326782,0.001066326,0.00000289,0.000292266,0.000477322,0.006682232,0.000534316,0.000704954,0.017044933,0.006153363,0.005270978
T>A,TTG,0.000978245,0.000598457,0.008022762,0.015155414,0.006376471,0.0000925,0.001309236,0.001954328,0,0.0000506,0.000743,0.000106002,0.0000365,0.0000312,0.043891393,0.003761243,0.007312208
T>A,TTT,0.002138574,0.000104552,0.004477037,0.005471201,0.001290591,0.000532993,0.00234493,0.000665812,0.000415604,0.0000454,0.000704786,0.001458596,0.000330858,0.003832792,0.009675611,0.003648036,0.00091997
T>C,ATA,0.001352705,0.000232527,0.013624854,0.001018203,0.009501859,0.011956399,0.003405262,0,0.001348638,0.024747606,0.000526558,0.015069068,0.00678968,0.003405795,0.003615503,0.078845389,0.013333622
T>C,ATC,0.001093942,0.000391737,0.009471176,0.000142,0.011077847,0.012726305,0.002399147,0.0000474,0.006820664,0.021893763,0.000709042,0.014169516,0.01347214,0.006687386,0.000229896,0.032122544,0.018027143
T>C,ATG,0.001516737,0.000639107,0.011959016,0.001200868,0.014913957,0.011762818,0.003142142,0.000849679,0.000333021,0.008200185,0.001153453,0.015544453,0.006365696,0.005820494,0.007495191,0.074855764,0.01442045
T>C,ATT,0.0009216,0,0.010706752,0.000851,0.020184429,0.00533746,0.002475555,0.02353627,0.006322422,0.015448948,0.002347183,0.013541728,0.002492872,0.009599799,0.000229959,0.039936207,0.013173244
T>C,CTA,0.000466474,0.000127844,0.002441461,0.001038249,0.002653899,0.0000332,0.000489182,0.000512845,0.000123832,0.000282816,0.000421783,0.000231591,0.0000167,0.002975166,0.003058951,0.001417375,0.003024371
T>C,CTC,0.000183106,0.000310148,0.002370703,0.001429299,0.004695938,0.001330181,0.000959409,0.000493893,0.002479039,0.001307514,0.000248,0.002712404,0.001526542,0.0096191,0.001464173,0.000818237,0.005509418
T>C,CTG,0.005561807,0.000621357,0.004545118,0.002888691,0.006323852,0.000235644,0.001995511,0.006922368,0.001701944,0.000453219,0.000936,0.000519529,0.000167156,0.008775757,0.00164085,0.004069066,0.00680106
T>C,CTT,0.000283686,0.0000116,0.001318322,0.0000391,0.004217921,0.00108849,0.00109,0.001232762,0.004345167,0.000757473,0.000399,0.003569871,0.000803658,0.070657652,0.000497061,0.003863809,0.004019189
T>C,GTA,0.002075021,0.026589968,0.015754989,0.030862201,0.015715165,0.0000726,0.001363143,0.002000192,0.063834531,0.007146404,0.001178486,0.000727035,0.001422806,0.00189789,0.003379172,0.000871984,0.017179267
T>C,GTC,0.000561129,0.017948611,0.022041842,0.042242827,0.021291396,0.004196962,0.003002661,0.004540519,0.006963937,0.002548339,0.000894722,0.018307365,0.000401183,0.001865109,0.006288178,0.00056711,0.028510859
T>C,GTG,0.001713153,0.007456257,0.00788733,0.016754543,0.00639379,0.000086,0.000191255,0.00037171,0.003466848,0.000260603,0.00004,0.000279466,0.0000565,0.00072264,0.001237064,0.001000747,0.007898772
T>C,GTT,0.003034471,0.010141463,0.020995301,0.025906734,0.013474784,0.008678415,0,0,0.443455024,0.062457044,0.000276642,0.076941458,0.012815866,0,0.00016195,0.000201,0.017000046
T>C,TTA,0,0.155592511,0.000320244,0.002494656,0.0147,0,0.000775798,0,1.22E-08,0,0.0000575,0.0000642,0,0,0.000608837,0,0.015194212
T>C,TTC,0.000771728,0.056577899,0.008279879,0.00929264,0.014801123,0.0000226,0.003525908,0.00132404,0.0000258,0.000190815,0.002854147,0,0.0000205,0.000624357,0.007586282,0.000939377,0.014846866
T>C,TTG,0.000373411,0.020217038,0.00248004,0.004027415,0.004359836,0.00000377,0.000638117,0.00098678,0.0000424,0.0000387,0.000185,0.000159223,0.00000255,0.000285244,0.0000428,0.000220776,0.004699327
T>C,TTT,0,0.187462035,0.008527345,0.00527583,0.0288,0.0000229,0.004343066,0.0000273,0.00000249,0.0000286,0.000811728,0.0000176,0.0000456,0.004148131,0.000687509,0.002181962,0.025253595
T>G,ATA,0.007239774,0.217126064,0.00212,0.000551491,0.02260343,0.002317545,0.168599799,0.022053428,0.00056763,0.016089908,0.018118976,0.001695684,0.00246496,0.003068454,0.001179357,0.000752448,0.038235594
T>G,ATC,0.014389178,0.041358058,0.006939859,0.00103295,0.022169965,0.003502559,0.259329898,0.251722116,0.008085053,0.045668486,0.134964068,0.002142006,0.000971004,0.000246053,0.00026626,0.0000432,0.014873441
T>G,ATG,0.086791464,0.054112841,0,0,0.008468706,0.037983934,0.115,0.06424352,0.138034654,0.443228716,0.005270833,0,0.026307334,0.004448262,0.000292642,0.000445746,0.013679186
T>G,ATT,0.002984378,0.110794474,0.007991755,0.000737607,0.025337059,0.003755485,0.091024386,0.077460074,0.029371988,0.055950276,0.091049571,0.001291436,0.001980808,0.004833467,0.001208439,0.000095,0.03314049
T>G,CTA,0.001571521,0.000433272,0.007720416,0.007110986,0.003888884,0.000776681,0.002332279,0.002693555,0.000606772,0.000273288,0.001275151,0.0000238,0.000813142,0.003320356,0.032012011,0.006218461,0.004507384
T>G,CTC,0.001639432,0.0000769,0.008690924,0.006638407,0.00452787,0.000276285,0.001455687,0.000936511,0.000303991,0.000103608,0.001196606,0.001608456,0.0000576,0.002853448,0.020445813,0.001932083,0.005972081
T>G,CTG,0.000657586,0.0000343,0.00746939,0.009221486,0.003866243,0.0000347,0.000875485,0.000652227,0.000264041,0.0000492,0.000188,0.0000322,0.00012883,0.001367215,0.036132233,0.003026421,0.005036111
T>G,CTT,0.000114368,0.0000146,0.008968985,0.006152721,0.00598944,0.000324619,0.004312581,0.005809479,0.001773084,0.000411383,0.0018,0.001797285,0.000294323,0.008341873,0.042531752,0.002514312,0.006323453
T>G,GTA,0.000787911,0.00012375,0.014222723,0.003819198,0.009781423,0.002807565,0.003668205,0.005505381,0.001162977,0.004480563,0.001807733,0.005807832,0.001256887,0.005524668,0.005577175,0.025310066,0.005386461
T>G,GTC,0.004783893,0.0000366,0.011462514,0.000461,0.009295081,0.006080153,0.00273708,0.002730363,0.004364338,0.005211312,0.000961968,0.00597005,0.00701143,0.012276525,0.001997946,0.022405292,0.013178161
T>G,GTG,0.001182353,0.0000513,0.009387344,0.002610175,0.007501809,0.003878075,0.002195119,0.004692315,0.001329543,0.00086246,0.000463342,0.007044832,0.001059814,0.00277151,0.001078609,0.029272637,0.005023533
T>G,GTT,0.002940935,0.000417693,0.010171001,0.001710946,0.01332804,0.001596239,0.003864272,0.003643452,0.001946425,0.001113104,0.001285573,0.003484814,0.000274626,0.011278986,0.002692083,0.019289374,0.010498585
T>G,TTA,0.0000143,0.000226015,0.004738746,0.00119481,0.006133267,0.00000974,0.000958127,0.000873666,0.012023225,0.001063477,0.000349,0,0.000220094,0.006024298,0.002932188,0.000678943,0.007506567
T>G,TTC,0.001198481,0.0000154,0.006063564,0.001503121,0.004667069,0.0000994,0.001301901,0.000841714,0.004145231,0.004165923,0.00063766,0.000296409,0.000396837,0.006980145,0.0035927,0.002784376,0.004574609
T>G,TTG,0.001827609,0.000849188,0.005226085,0.003689598,0.002606555,0.0000968,0.000851982,0.001683517,0.001422357,0.000884032,0.000695626,0.0000384,0.000261505,0.007010237,0.008527046,0.001611018,0.002592437
T>G,TTT,0.000182942,0,0.009037113,0,0.012453369,0.0000102,0.000134,0.002733849,0.101061738,0.012521998,0.000351497,0.000523604,0.003156441,0.05129241,0.005728151,0,0.011120366
