Ref,Var,W.1 (BI_DBS1_S 0.9997) (BI_DBS11_P 0.9929),W.2 (BI_DBS2_P 0.7377) (BI_DBS3_S 0.2868) (BI_DBS4_P 0.3552) (BI_DBS5_P 0.1171) (BI_DBS7_P 0.18) (BI_DBS8_S 0.0614) (BI_DBS12_P 0.4576) (BI_DBS13_S 0.2253) (BI_DBS14_S 0.1845) (BI_DBS15_S 0.1081) (BI_DBS16_S 0.2326) (BI_DBS17_S 0.4196) (BI_DBS18_P 0.0645)
AC,CA,2.9842078617821e-190,0.00696972589731496
AC,CG,0,0.00321679656799152
AC,CT,0.00418452639119039,0.00954820942387973
AC,GA,0.000837763698008348,0.00394577059443628
AC,GG,0.000207503800215171,0.00722163929141073
AC,GT,0.00230546483654033,0.0145345702484551
AC,TA,0.00105344619536158,0.00418648157140531
AC,TG,0.000165810013398855,0.00701068117427693
AC,TT,0.0186517187942136,0.00608444675957827
AT,CA,2.24167403632969e-223,0.00428906209065536
AT,CC,9.74972334675955e-05,0.00576391775049339
AT,CG,0,0.00214453104532768
AT,GA,1.58967096542443e-132,0.00777392503931284
AT,GC,1.43745862714985e-172,0.00616552675531708
AT,TA,0.000797393918260593,0.00373299897581069
CC,AA,7.15171004625159e-117,0.132960924810316
CC,AG,3.63905961171227e-39,0.0249301734019343
CC,AT,0.0318673978001308,0.0249760018232294
CC,GA,5.81983023631395e-153,0.0109907216073044
CC,GG,5.36223623693356e-14,0.00857812418123728
CC,GT,0.0136528052476609,0.0118592271396697
CC,TA,0.0171485066139923,0.0108240705189767
CC,TG,0.00499306407447893,0.00924494899890795
CC,TT,0.818071040475315,3.17708942251769e-291
CG,AT,3.30110606070658e-231,0.00187646466466172
CG,GC,0,0
CG,GT,0.000779063248765063,0.00027324366990304
CG,TA,0.00978161257632627,0.0686303711732644
CG,TC,3.48484241679475e-191,0.00562939399398516
CG,TT,0.000743545044741584,0.0129210130869586
CT,AA,0.000471003535154279,0.0149027133313048
CT,AC,0.00111260943999651,0.0148281004992562
CT,AG,7.17575177687568e-78,0.00884619056197668
CT,GA,0.00094781735203165,0.00727989230425335
CT,GC,2.15030514179621e-42,0.0128671862719661
CT,GG,0,0.00777392503931285
CT,TA,0.0106484388364463,0.0130255980707598
CT,TC,0.00761234123744959,0.0158438297096843
CT,TG,0.00595218225865809,0.00632284001115922
GC,AA,0.000784354934873333,0.0528070062219584
GC,AG,1.45483512245431e-07,0.028414837080835
GC,AT,2.13127875219085e-22,0.0482519485198728
GC,CA,1.06220187298562e-247,0.00911425694264264
GC,CG,0,0.006701659516649
GC,TA,5.59355037989592e-60,0.00509326123265324
TA,AT,0.000459879769949393,0.00875242287288704
TA,CG,0,0.00562939399398516
TA,CT,5.22442915106809e-55,0.0093823233233086
TA,GC,0,0.00214453104532768
TA,GG,0,0.00589746037465112
TA,GT,0,0.00616552675531708
TC,AA,3.09871549559492e-49,0.0353847622479067
TC,AG,0.00028981558424927,0.00630469713868248
TC,AT,0.0123825915357491,0.027270432918754
TC,CA,4.53705464861075e-56,0.0158159164592917
TC,CG,0,0.00777392503931285
TC,CT,0.00535572079017192,0.0167902070474915
TC,GA,4.31965324973424e-05,0.00985928950012275
TC,GG,0.00018722364705352,0.00456875334854485
TC,GT,0.0120003863277991,0.00688476430107805
TG,AA,0.00227959012566179,0.00920868340270588
TG,AC,0,0.00321679656799152
TG,AT,0.00159344203973322,0.0114888370086295
TG,CA,0.000318714387100882,0.011358375484411
TG,CC,0.000540558426255413,0.00596125296165979
TG,CT,0.00232879312021758,0.0163790820042131
TG,GA,0.00052264156097809,0.00598579381395597
TG,GC,0,0.00214453104532768
TG,GT,0.00224257577962768,0.00577451925569717
TT,AA,0.00264092013236669,0.0100540991369698
TT,AC,0.000831388981636624,0.00717129865482266
TT,AG,8.17088676340376e-05,0.00632167594394874
TT,CA,0.000616250217865422,0.0104147058709237
TT,CC,0.000149179360903088,0.0223132439901331
TT,CG,0,0.00831005780064476
TT,GA,0.00053027499535466,0.00409887358228248
TT,GC,0.000300112600123174,0.0111157880979552
TT,GG,0.00143798217682908,0.0117017714407672
