De novo extracted, Global NMF Signatures, Similarity
Signature 96-A, Signature SBS22 (100.00%), 1.00
Signature 96-B, Signature SBS1 (100.00%), 1.00
Signature 96-C, Signature SBS13 (100.00%), 1.00
Signature 96-D, Signature SBS2 (100.00%), 1.00
Signature 96-E, Signature SBS5 (100.00%), 0.95
Signature 96-F, Signature SBS3 (100.00%), 0.97
Signature 96-G, Signature SBS18 (100.00%), 1.00
Signature 96-H, Signature SBS40 (100.00%), 0.97
Signature 96-I, Signature SBS41 (100.00%), 1.00
Signature 96-J, Signature SBS8 (100.00%), 0.92
