"","to","sim"
"V1","BI_COMPOSITE_SBS28_P",0.99421217552369
"V2","BI_COMPOSITE_SBS13_P",0.997181380303107
"V3","BI_COMPOSITE_SBS40_P",0.987790708206714
"V4","BI_COMPOSITE_SBS64_P",0.998028833001073
"V5","BI_COMPOSITE_SBS2_P",0.995208397354233
"V6","BI_COMPOSITE_SBS5_P",0.999436302549173
"V7","BI_COMPOSITE_SBS36_P",0.99962386509657
"V8","BI_COMPOSITE_SBS35_P",0.934080495623765
"V9","BI_COMPOSITE_SBS39_P",0.996533032529929
"V10","BI_COMPOSITE_SBS70_P",0.998490930009203
"V11","BI_COMPOSITE_SBS77_P",0.983541880421481
"V12","BI_COMPOSITE_SBS8_P",0.994067200122163
"V13","BI_COMPOSITE_SBS3_P",0.999684193532036
"V14","BI_COMPOSITE_SBS3_P",0.0041176777246895
"V15","BI_COMPOSITE_SBS12_P",0.999770157223394
"V16","BI_COMPOSITE_SBS71_P",0.931339458321674
"V17","BI_COMPOSITE_SBS22_P",0.999616588300648
"V18","BI_COMPOSITE_SBS1_P",0.999667506722685
"V19","BI_COMPOSITE_SBS30_P",0.999569924701538
"V20","BI_COMPOSITE_SBS69_P",0.997669755416361
