"","to","sim"
"BI_COMPOSITE_SBS1_P","V18",0.999667506722685
"BI_COMPOSITE_SBS12_P","V15",0.999770157223394
"BI_COMPOSITE_SBS13_P","V2",0.997181380303107
"BI_COMPOSITE_SBS2_P","V5",0.995208397354233
"BI_COMPOSITE_SBS22_P","V17",0.999616588300648
"BI_COMPOSITE_SBS28_P","V1",0.99421217552369
"BI_COMPOSITE_SBS3_P","V13",0.999684193532036
"BI_COMPOSITE_SBS30_P","V19",0.999569924701538
"BI_COMPOSITE_SBS35_P","V8",0.934080495623765
"BI_COMPOSITE_SBS36_P","V7",0.99962386509657
"BI_COMPOSITE_SBS39_P","V9",0.996533032529929
"BI_COMPOSITE_SBS40_P","V3",0.987790708206714
"BI_COMPOSITE_SBS5_P","V6",0.999436302549173
"BI_COMPOSITE_SBS64_P","V4",0.998028833001073
"BI_COMPOSITE_SBS69_P","V20",0.997669755416361
"BI_COMPOSITE_SBS70_P","V10",0.998490930009203
"BI_COMPOSITE_SBS71_P","V16",0.931339458321674
"BI_COMPOSITE_SBS77_P","V11",0.983541880421481
"BI_COMPOSITE_SBS8_P","V12",0.994067200122163
